{
  "mtx": [
    [24664.082494403818, 0.0, 607.4056903701787],
    [0.0, 35905.48576026996, 777.1796275358373],
    [0.0, 0.0, 1.0]
  ],
  "dist": [
    3182.600809980605,
    -22089.119882655606,
    2.279961942268403,
    -0.7767752973298497,
    -258.2648113182432,
    2725.254130657364,
    23683.493025116797,
    116.05837814906715,
    0.0, 0.0, 0.0, 0.0, 0.0, 0.0
  ]
}
